Comment,Description,Designator,Footprint,LibRef,Quantity,PN,Vendor,Model,Size,Temp,Value,Voltage

"1uF","Chip capacitor","C1, C3, C9, C13, C20, C34","CAP0603","Cap-SMT","6","C1608X7R1C105K080AC, C1608X7R1C105K080AC, C0603C105K4PACTU, C0603C105K4PACTU, C1608X7R1C105K080AC, C1608X7R1C105K080AC","TDK, TDK, Kemet, Kemet, TDK, TDK","","0603","X7R, X7R, X5R, X5R, X7R, X7R","1uF","16V"
"4.7uF","Chip capacitor","C2, C17","C0805","Cap-SMT","2","0805ZD475KAT2A","AVX","","0805","X5R","4.7uF","10V"
"4700pF","Chip capacitor","C4, C18","CAP0603","Cap-SMT","2","C1608C0G1H472J080AA","TDK","","0603","NP0","4700pF","50V"
"4.7uF","Chip capacitor","C5, C11, C19, C22, C25, C26","CAP0603","Cap-SMT","6","CGB3B1X5R1A475M055AC","TDK","","0603","X5R","4.7uF","10V"
"0.1uF","Chip capacitor","C6, C15, C16, C31","CAP0603","Cap-SMT","4","C1608X7R1H104K080AA","TDK","","0603","X7R","0.1uF","50V"
"22uF","Chip capacitor","C7","C1210_M","Cap-SMT","1","GRM32ER61E226KE15L","Murata","","1210","X5R","22uF","25v"
"2.2uF","Chip capacitor","C8","CAP0603","Cap-SMT","1","C1608X7R1A225K080AC","TDK","","0603","X7R","2.2uF","10V"
"DNP","Chip capacitor","C10","CAP0603","Cap-SMT","1","C1608C0G1H330J080AA","TDK","","0603","C0G","DNP","50V"
"2.2uF","Chip capacitor","C12","C1206","Cap-SMT","1","C3216X7R1C225K/1.60","TDK","","1206","X7R","2.2uF","16V"
"33pF","Chip capacitor","C14","CAP0603","Cap-SMT","1","C1608C0G1H330J080AA","TDK","","0603","NP0","33pF","50V"
"0.01uf","Chip capacitor","C21","CAP0603","Cap-SMT","1","C1608X7R1H103K080AA","TDK","","0603","X7R","0.01uf","50V"
"10uF","Chip capacitor","C23, C33","C1210","Cap-SMT","2","C1210C106K8PACTU","Kemet","","1210","X5R","10uF","10V"
"100nF","Chip capacitor","C27, C28, C29","C1206","Cap-SMT","3","C3216X7R2A104K","TDK","","1206","X7R","100nF","100V"
"100nF","Chip capacitor","C30","C1210","Cap-SMT","1","C3225C0G1H104K250AA","TDK","","1210","NP0","100nF","50V"
"100uF","Chip capacitor","C32","C1206","Cap-SMT","1","C3216X5R0J107M160AB","TDK","","1206","X5R","100uF","6.3V"
"BAT54","Single small signal schottky diode","D2, D3, D8","SOT-323","BAT54","3","NSVBAT54WT1G","ON Semi","","","","",""
"BAT54SW","Double shottky diode","D4","SOT-323","BAT54SW","1","BAT54SWT1G","ON Semi","","","","",""
"Charging Coil","Magnetic-Core Inductor with Winding Polarity Marking","L2","MHDR1X2","Inductor Iron Dot","1","","","","","","6.3mH",""
"APT2012QBC-D","Kingbright Blue SMT LED","LED1","LED_Kingbright","APT2012QBC-D","1","APT2012QBC/D","Kingbright","","","","",""
"APT2012SGC","Kingbright Green SMT LED","LED5","LED_Kingbright","APT2012SGC","1","APT2012SGC","Kingbright","","","","",""
"APT2012SRCPRV","Kingbright Red SMT LED","LED7","LED_Kingbright","APT2012SRCPRV","1","APT2012SRCPRV","Kingbright","","","","",""
"APT2012SECK","Kingbright Orange SMT LED","LED9","LED_Kingbright","APT2012SECK","1","APT2012SECK","Kingbright","","","","",""
"USB_micro_B","board-cut connector","P1","TE-2040343","USB_micro_B","1","TE-2040343","TE","","","","",""
"BSS138","N-channel enhancement mode FET","Q4, Q7","SOT-23","BSS138","2","BSS138","Fairchild","","","","",""
"DTC114EUAT106","NPN Digital transistor (built-in bias resistors)","Q8","DTC114EM","DTC114EUAT106","1","DTC114EUAT106","Rohm","","","","",""
"1","Chip Resistor","R1, R3, R36, R37","CAP0402","Res-SMT","4","ERJ-2GEJ1R0X","Panasonic","","0402","","1",""
"10","Chip Resistor","R2, R26, R29, R47","CAP0402","Res-SMT","4","ERJ-2RKF10R0X","Panasonic","","0402","","10",""
"1k","Chip Resistor","R4, R46, R55","CAP0402","Res-SMT","3","ERJ-2RKF1001X","Panasonic","","0402","","1k",""
"10k","Chip Resistor","R5, R8, R9, R11, R18, R40, R41, R43, R52","CAP0402","Res-SMT","9","ERJ-2RKF1002X","Panasonic","","0402","","10k",""
"100k","Chip Resistor","R6, R23","CAP0402","Res-SMT","2","ERJ-2RKF1003X","Panasonic","","0402","","100k",""
"22","Chip Resistor","R7","6-0805_M","Res-SMT","1","ERJ-6GEYJ220V","Panasonic","","0805","","22",""
"76.8k","Chip Resistor","R10","CAP0402","Res-SMT","1","ERJ-2RKF7682X","Panasonic","","0402","","76.8k",""
"DNP","Chip Resistor","R12, R13, R22","CAP0402","Res-SMT","3","","Panasonic","","0201","","DNP",""
"12.1k","Chip Resistor","R14","CAP0402","Res-SMT","1","ERJ-2RKF1212X","Panasonic","","0402","","12.1k",""
"475","Chip Resistor","R15, R16, R33, R50","CAP0402","Res-SMT","4","ERJ-2RKF4750X","Panasonic","","0402","","475",""
"3.6k","Chip Resistor","R17, R48","CAP0402","Res-SMT","2","ERJ-2RKF3601X","Panasonic","","0402","","3.6k",""
"48.7k","Chip Resistor","R24","CAP0402","Res-SMT","1","ERJ-2RKF4872X","Panasonic","","0402","","48.7k",""
"523k","Chip Resistor","R25, R28, R30, R54","CAP0402","Res-SMT","4","ERJ-2RKF5233X","Panasonic","","0402","","523k",""
"56.2k","Chip Resistor","R27","CAP0402","Res-SMT","1","ERJ-2RKF5622X","Panasonic","","0402","","56.2k",""
"0.02","Chip Resistor","R32","6-0805_M","Res-SMT","1","ERJ-6BWFR020V","Panasonic","","0805","","0.02",""
"1M","Chip Resistor","R45, R51","CAP0603","Res-SMT","2","CRCW06031M00JNEA","Vishay Dale, Yageo","","0603, 0201","","1M",""
"2M","Chip Resistor","R53","CAP0603","Res-SMT","1","RC0603FR-072ML","Yageo","","0603","","2M",""
"86.6k","Chip Resistor","R99","CAP0402","Res-SMT","1","ERJ-2RKF8662X","Panasonic","","0402","","86.6k",""
"GND","testpoint","TP1, TP1A","TP-0.6","TP","2","","","","","","",""
"3V3_VCC","testpoint","TP2, TP2A","TP-0.6","TP","2","","","","","","",""
"RESET","testpoint","TP3, TP3A","TP-0.6","TP","2","","","","","","",""
"TRST","testpoint","TP4, TP4A","TP-0.6","TP","2","","","","","","",""
"DPWM-1A","testpoint","TP5, TP5A","TP-0.6","TP","2","","","","","","",""
"DPWM-1B","testpoint","TP6, TP6A","TP-0.6","TP","2","","","","","","",""
"MSP_TDO/PROG","testpoint","TP7","TP-0.6","TP","1","","","","","","",""
"MSP_MOSI_LPWR_EN","testpoint","TP8","TP-0.6","TP","1","","","","","","",""
"BUZ_DC","testpoint","TP9","TP-0.6","TP","1","","","","","","",""
"BUZ_AC","testpoint","TP10","TP-0.6","TP","1","","","","","","",""
"COMM_P","testpoint","TP11, TP11A","TP-0.6","TP","2","","","","","","",""
"COMM_N","testpoint","TP12, TP12A","TP-0.6","TP","2","","","","","","",""
"I_SENSE","testpoint","TP13, TP13A","TP-0.6","TP","2","","","","","","",""
"VIN","testpoint","TP14, TP14A","TP-0.6","TP","2","","","","","","",""
"SLEEP","testpoint","TP15, TP15A","TP-0.6","TP","2","","","","","","",""
"SNOOZE","testpoint","TP16, TP16A","TP-0.6","TP","2","","","","","","",""
"LED_A","testpoint","TP17, TP17A","TP-0.6","TP","2","","","","","","",""
"LED_B","testpoint","TP18, TP18A","TP-0.6","TP","2","","","","","","",""
"LED_C","testpoint","TP19, TP19A","TP-0.6","TP","2","","","","","","",""
"BQ500212A","Wireless power controller for WPC TX A5 or A11","U1","VQFN-48","BQ500212A","1","BQ500212ARGZ","TI","","","","",""
"CSD97376CQ4M","Synchronous Buck NexFET Power Stage","U2, U3","CSD97376Q4M","CSD97376CQ4M","2","CSD97376Q4M","TI","","","","",""
"TLV70033","LDO Regulator","U5","TLV70033DSE","TLV70033","1","TLV70033DDC","TI","","","","",""
"INA199A1","Voltage output current shunt monitor","U7","UQFN10","INA199A1","1","INA199A1DCKR","TI","","","","",""
